login_hour,device_shared,amount_norm,approval_delay,pair_frequency,beneficiary_new,is_fraud
-0.9700235112871989,0.33029086313314077,-2.488562261791484,-2.239634175575569,-4.7004243319182315,-1.137740233585158,0
-0.3658466692989386,-1.8055572614170154,1.3738078274271044,1.2737927535732165,-2.4966253255224458,-1.979556268475139,0
1.3169860400924427,2.4793894187099115,2.2671801950982227,-0.018221366146488505,-2.9369501776776046,0.2137179562618161,0
0.8747488897756657,-1.2567613448956396,0.5854907437496162,0.9305546988447732,-0.4289065275724978,-1.3544500335573249,0
1.7813665704611819,1.5168128671298737,0.3578383486710236,0.4402495558370101,-0.4664573617510789,-0.7491718979379702,0
-2.533758459124325,-0.5589947278819981,0.3400593668608015,-1.737769382849371,-0.6586574029460296,3.095724792164444,0
-0.35133402621646637,-1.6229275808300976,0.35343086648641237,-1.0031648741576706,-1.901127850305068,-2.5757297792924394,0
1.123515451571222,0.029965440097251415,0.1970268328773009,0.7114844762712597,-1.5745142593257206,-0.7267826976804941,0
0.8748537253058208,0.7941400600761793,-0.2202546014960882,-0.929008315797726,-0.37836461850543435,-1.3227186399825885,0
-2.3692666871008576,-0.2714814676069348,0.15552242595499616,-0.537536547284425,-1.4439103669492372,-2.7899230157436934,0
-0.7385900363805363,-0.7385354255011861,-1.0920457994509594,-1.1161162285720423,-0.5956868127405304,-0.10610098753430985,0
-1.4949521985309473,-0.4177797974317798,0.9422381514973616,-0.7311992063102718,-1.2647622831312053,-2.1932417337245353,0
-3.4289745921884003,0.6624810601645157,-0.8662269480072499,-0.271615273453246,0.204013876627813,-1.0945734084238528,0
1.375140044408904,0.13315121142428596,0.301420515516767,-0.7667470873717432,-1.4917313927656142,-0.44529219123130237,0
2.1102904612210778,0.22650864967201126,0.2550533488895766,0.42533406578898025,0.49354141640239124,-0.3087499075939314,0
0.594409567930813,-0.5399876357256903,-1.0919754746661545,1.7313958290131173,-2.1799121128423806,-1.2812541199347205,0
-1.7833629265824094,0.042482538923175224,-1.0038910792188394,-2.9083168627330087,-4.432960920881698,2.239259665522514,0
2.8631476094189217,-1.2960236202513922,0.5070812587595488,-2.7143482532116874,-3.4990195535518915,0.5505456470186456,0
-0.3775308165733674,1.497368970934125,-0.5045524370842177,-0.5569183816534173,-0.3430369158995865,-2.1560453022208046,0
0.38674062192115954,0.6392695378569174,-1.466207830896165,2.1303935718662297,-1.5071654350488823,-1.547292129578823,0
1.1145577717205462,-1.4149758718760481,-1.2998942792963248,-0.29749571101210126,0.5185383121868306,-1.4658444682308402,0
-2.9341060294293113,0.9775680321615458,-0.7528447693857241,0.4011490363469614,-0.22730716280399477,-4.573300327271255,0
-1.442863274806379,-0.7285450223200068,-1.2780584791178016,-0.9275893222883786,-0.42977881291637654,-0.29203879265312416,0
1.8168467862344775,0.37427818048114503,-1.8385068318025504,-1.6424350900877824,-2.2837463515535874,-0.8476836412760046,1
0.5182027098132793,0.8735164244697508,-1.4922687866598638,1.2684821300220495,-1.280685401839544,-1.852644263184247,0
0.374775615145559,0.43388085090023226,-2.6267862573507106,2.9339748434679893,-0.6337717916900087,-2.7384103100503543,0
2.259524982969083,0.5718780661783558,-0.7487835886440163,0.21689257993390765,-0.8898024650885212,-0.7169069804238153,0
-2.2469472576143685,-0.13404658325719543,-2.407344206983942,-0.4681697646911209,0.22624309093173367,-0.8530550643603356,0
-1.7018403170675294,0.1130961378202375,-0.9393267378659398,-1.8531695513471478,-3.091211800806011,-0.13360549439001912,0
-3.1252466861321215,-0.46040661563924223,0.8647446916408404,-0.6581201068242015,-0.09593932240514413,-0.07580465278516801,0
1.1223759640115532,0.2662837304486303,-1.8087470156422523,-1.3705864360011928,-1.3052018329662487,-0.481956133813244,0
0.8084318391912846,-0.304804089517739,0.7389154710436832,0.575635517652783,-1.3753601174708727,-1.9311084001099212,0
-4.021929342984621,-2.924925179196677,1.247811197916247,-1.5493981845696534,-2.7739249879314922,0.19931813679369137,0
1.5859840366971114,-0.35504864437215156,1.278329470318716,2.144438791628062,-2.2226721712628255,-0.07786119456841067,0
-2.1456042835969606,-0.14200761302952686,-0.7588521310376378,1.8516004551406633,2.5235927865341807,0.1688073785969515,1
0.059636295875962086,-0.7573105136779609,0.6480883646604091,-0.16588749281525494,-2.1801860808547757,-2.4873459580118267,1
-1.4991026959137692,0.8119403283952916,1.337831020966117,-0.7723161293179833,-1.4680948857380907,-2.248633840790056,0
-1.1368677911407499,0.13829868978581025,-0.33991450576921695,-1.426988897102521,-0.6320477772518797,1.2470108961237907,0
0.7576955082146125,-0.19081740545434528,-0.03687956134379011,1.5507443054919565,-1.8191460526704344,-0.18419172374164983,0
1.5213223770114428,0.2180755086527237,0.020947365525143383,2.1101441057128296,-0.8763394139618291,1.319340495611954,0
0.7879599746454703,-0.9123874525123897,0.1884677290662768,-0.4527652518121772,-1.0175741029200294,-1.1971505113082357,0
-1.0915859266835035,0.4244730942479096,-0.16809346596524435,-1.9772561052847428,-2.393189617170476,1.0052222122403376,0
0.7033933706682611,-0.39643582943141487,1.3966284795073118,-1.3113695642811616,-2.157088477561923,-2.137722956819561,0
-0.18811324976325638,1.058504300451178,-0.48037749098032195,-1.1653671683458393,-1.2421140807915463,-1.105645557496101,0
-2.0199058304269464,0.9262443215248913,-0.4735712337713081,-0.9284694779653601,0.30084319300816187,0.9860147128279764,0
-1.4606163156512553,0.856450680015159,1.763557440006718,0.06826218152741159,0.8237533459914048,-2.5623885811946283,0
2.071959684506115,-0.9882688581768089,-1.7827047434480237,-1.3134133508392258,0.9063966717068641,1.6427309748504677,1
1.6204503110672266,-1.6999597206830213,-0.25939175593725616,1.0070493124726168,-1.4361202062592364,0.4433099591076495,0
-1.447063260128484,1.4990344046594257,0.0004212592371184664,-1.6117719551953846,-2.037721502563035,0.22523511058328993,0
0.4511146785531137,0.26429782197543344,0.7251994726731844,0.3999660942590052,-2.089442224537952,-2.168771111541032,0
1.509038222647754,0.9425685485361891,0.8604560484222035,0.08414766482212721,-1.08044851967283,0.27352020798982446,0
1.2131151065668677,0.07997649477807062,1.6117905913123958,1.0016909656103665,-1.8338105708453325,-2.024534925946208,0
1.7437877172852994,1.4615262062765033,-0.872153679193295,0.6612838726811071,-0.9816598631083496,-1.1046104429736674,0
-0.4712720704598873,-0.817401811088721,0.4356749109059113,-1.637048483682122,-3.0439281454934566,-1.512517411378289,0
0.24380780201746366,-0.06700714194351028,-0.5713742214499119,-0.0950200678699944,0.4167286867855362,-2.1572875172771155,0
-0.4747516812896071,1.0541286760189787,1.4935827693088695,-0.3025021402713589,-0.4279011371403415,-3.2846612972449676,0
2.069106237470564,-0.560186525218209,-2.0224615847208947,0.8251379481009902,-0.057644703999462754,-1.0423034466456036,0
2.237990087093336,0.6544924900712037,0.005833546665433634,0.6077813023572932,0.38721477281917127,0.6689465014036156,0
1.7759587159142054,-0.039004200618653756,0.2224341369699279,0.6375849385860175,0.010690993952797045,-0.7697567741561501,1
-3.3250050035372998,0.4383825801284031,-1.0317170119335606,-0.09225066664168524,-0.7126092503960845,-3.052772146144041,0
0.85734830545399,0.34981234254886373,0.5770258266684529,3.242596265120475,-0.7477053592070125,-1.037348677922787,0
1.4747647425328791,0.24324456985562717,0.7176907414394635,0.2905889901459223,-1.7943561290045853,0.49955697667506627,0
0.4703031144904023,0.7469234690710594,1.9564182531884509,1.2971136836149377,0.07513431229876644,-2.4570488965772252,0
2.235784159630324,-0.6490537204283726,-0.3466533614301105,-1.338562877957759,-1.4538502418699666,-0.6288184912019903,0
0.45975581229928064,-0.8343641789960169,1.1714263477638722,-1.1622870332510802,-2.025063283091815,-2.4400771743802943,0
-1.0099980674241111,0.5690792595356432,1.2325248831179065,-1.4815431413161169,-2.284661073940518,-0.8110384185214801,0
0.11852631916350553,-1.4101410049803234,-0.7805400982293256,-2.0660885156307254,-1.6663531697202516,1.7786758359849473,0
-0.07915958020870639,-0.10910851765256904,-0.488597581992664,-1.3966345104967046,-1.5134719228233977,-0.5771415632432171,0
0.5663493749200894,-0.8469123283169792,1.7198462111025852,-0.9203177025343746,-1.9443191927056942,-0.8716745459680427,1
0.9414448976513262,-0.5745469761338794,-0.4198634610863194,2.86421612815893,-1.1420264001165867,-1.6389002342719272,0
-0.9022692474580315,-0.9731153602213203,-1.877442885236109,-0.5073748486536944,-1.3452874810310065,-3.4856692243565126,0
0.4493230721142524,-2.57388211506442,-0.2543767758055499,0.21444245961218877,0.5488563063936875,-3.2431950178082327,0
-1.8911879591235161,-0.4746977696370589,1.0331185153998403,-0.19272940462186716,0.27858363251816876,-2.0602504352414734,0
-0.4661415313791861,1.4690233975407674,-0.35794383140131436,1.8741554073812108,-2.3089600293994197,-3.7825818269182254,0
1.0409448443023228,0.20664643809833885,0.7384908326063404,1.8394985438940537,-3.152547023831613,-0.49766957555701097,0
1.1225657733557308,-0.6283840909951381,-0.3216625150584195,1.6444558806900316,-1.5517932323330355,0.01492049133897888,0
-0.8584048445706886,-0.5030805391046554,-1.2500684892063942,-0.31439703057339663,-0.46988861611271016,-3.0348124243294596,0
-0.9936679265426817,-0.5034210533268308,-0.14160981015580998,-0.985462756520433,-2.4589757868614144,-3.053486936997422,0
2.9014390828344814,-0.9729497793166654,0.20944693229641737,-1.9123900095315607,-2.2965147881717165,-1.5235552445747882,1
2.2607700936907533,0.7576628729399759,-0.007515364270778083,1.1305748526021804,0.8253541399314055,0.866302911686057,0
-0.8897463558986328,0.597731708113624,1.2999740467257528,-1.1033719981272896,-1.4747453571722142,-1.2106447065662558,0
-0.028184685346541505,-0.596395217935485,1.0742676129098663,-1.6216877637356273,-3.6437682480347595,-2.6070228494038172,0
-2.7875224742589806,1.002085216590409,0.5171968345390136,-1.1637715601743717,-1.1537698492756256,0.28704173439268876,0
-4.063697489948755,0.768179564462847,-0.33317166483092703,0.2650343997980049,0.2367523579157964,-2.873276019604506,0
0.49915589915680614,-0.13045986903936505,-0.39530547743974637,0.9900005007231041,-1.0676814692414245,-1.7768140824868839,0
0.00950423039980186,-0.004824621905130248,0.7730133622538113,-1.6284359428333923,-1.1287134566342685,0.9056288951770015,0
1.883100954425962,-0.44415535763277153,0.32937314558352676,-0.4082105620779881,-1.04167018850292,0.9066357086378378,0
-0.7480799664384339,0.3411273134397087,-1.2875190260592986,0.511558623597147,1.6740529217952118,-3.5106786323221746,0
-1.5265212525416278,1.765709266450403,-0.6278832144417893,0.4045030329894772,1.4019390520576511,-3.033700498570026,0
-1.4082563000069093,-0.6199341874048961,2.407377583931219,-0.06933044082166873,0.9205255265376184,-1.9286569858309326,0
1.4813851065494097,-0.4329008187851472,0.314448917351962,1.0837522747782122,-2.1973262047933844,0.7812298782197007,0
-0.6104163129086797,2.0236005675424753,-0.2821000200372859,1.4453451783310303,-0.7957130435434706,-3.0227468230937884,0
0.1259134545762962,0.6024660957009005,1.0418521437480288,1.9316663733633823,-1.2521829221197909,-1.4227142188017732,0
2.1078017608588615,1.3317569703945535,0.0438733598289749,0.6162703380495661,-0.16133662073288668,-0.011651980598825218,0
2.033926657363302,-0.4193155453317213,0.2490116763645237,2.693845297471141,-1.1097518659941188,1.0727882426788082,0
0.1227626747439916,-0.6809510758067541,-0.9017815867008206,0.5993058825258042,1.8798910604933243,-3.9571688969490717,0
-0.5880365479187314,-1.6646097350337665,1.6261427987831114,-1.4020948743139623,-1.6191712719750144,-0.418347084644751,0
-1.5119665628414833,0.7372913165470523,-0.1586166770513216,-1.0743121744671795,-2.3407453350877656,-2.1724486238611815,0
1.2211639144492066,0.17218409224015727,-0.06791473756253315,1.5172821598233521,-1.2675385768974579,-2.3892997827385223,0
-0.5113868423160873,-0.26899450730334135,1.565171932528877,-1.803707363141767,-2.7401067442611993,-0.4212008353423372,0
0.28769953564513573,-1.4869359725271176,-1.3985196480651843,-0.10766509494538967,-1.168821168975175,-2.305907934429041,0
-1.8510904247447495,-1.880443055124838,0.49317200320172117,0.9976467492012957,3.3640982450654953,-2.6165748630605234,0
0.33432631948121605,1.8823618585134785,0.7863127098804469,-1.257201188640848,-1.9970905696877481,-1.9735965155690907,0
-1.6442815502917782,-0.5572803003627007,-1.4568378693933226,-0.04156385812664265,-0.2575590155960933,-3.421317736889377,0
0.7617723866014479,0.3712128680568303,1.1532385785452397,-0.9871097782692572,-0.5857302479446798,-1.2979496161866517,0
-2.5057719096735536,-1.748381656140865,0.13309373513678405,-0.8112516750846228,-1.0463668324998288,-1.090711701954013,0
1.5027248260099832,0.7490898442530696,1.108788382475365,1.3410491327256575,-0.3975206214071163,-1.9144700414825717,0
2.1336289555024734,1.9124094099167985,0.864154213470886,-0.626000362903185,0.36951543749698756,-0.5439970066104748,0
-3.3087137048016717,0.7828371647378921,-1.4397742131100844,-0.36338159557751104,1.0299776071598017,0.3094623063804953,0
0.5812791221322788,1.8967381819965747,-0.7231156306389472,-0.038242797624196356,-2.7054642003952933,-0.7923786132874059,0
-2.583268689723623,0.2917303772534079,-0.18317826890522865,0.3063535722251485,1.1865252049443984,-2.4224605864746085,0
-2.1787608817660695,-0.3665010555121015,-1.2801253069331895,-0.9122618379174183,-0.3948317761888963,0.012073748626560743,0
-2.5964868804451395,0.6771597120657875,-0.36536299077273116,-1.5000989605903334,-2.4217891279603476,-0.21431983998700654,0
-0.2518817020579417,-0.35349544620168666,-1.0381691470869339,-0.9636019799710487,-1.639443243431589,-2.341355220732741,0
-0.2026664858046301,-1.8795606280100219,-1.1890728658038474,-0.6520588995327579,-0.24980736446659024,-1.755576625651356,0
0.5077981609494684,0.11643824066339366,-0.1010387768819228,1.603706569766331,-3.3971683959519643,-2.4207447694899553,0
-1.0703059539017357,1.705642942525445,0.11924332929589004,-1.7016685525856943,-2.3678243194838866,-0.08676132182025065,0
1.756372625529183,0.5301913073429116,-1.9584415421346377,-0.7316771477309252,0.9630941014432501,0.8067725284057634,0
-1.8421400684285185,1.2914035482160082,-3.3868137614883,-0.5893774476666862,-0.19739079581674934,-1.098595621181094,0
0.14307985805737555,-0.6989504394636011,1.2522129097598176,-0.07664700148500325,0.3723741428655001,-3.366271697087244,0
1.7610951305975129,1.6281495457568582,0.7559251916437938,0.5178822194742738,-0.9627257939870747,0.4042096663826267,0
1.3095133637661516,1.435435785839352,-2.209351605823344,1.0891576755186803,-1.2119550595513333,0.7719381846054545,0
0.15125196382235195,-0.7670175269020002,1.4776818779376781,-0.8146127913758554,-0.7497122276378188,-1.9676557589579406,0
1.4715054190337713,0.3157358988773569,0.3056292304581544,-0.6636160842523648,-0.46153660374258254,0.5216345069649089,0
-2.6724619027033087,1.6165704941174162,-1.0987024773847005,-0.612789102234522,-0.11109756607646915,-0.5167116264186196,0
0.938142098089731,1.3493250629458442,1.661441013728396,1.2953610058557614,-1.8238271492283797,-0.984767480553926,0
0.40399488248535675,-0.6075263423464762,0.7607696419593537,-1.6373652103751826,-1.3384851615747144,0.3961791346748931,0
-0.6136727609699191,-1.9334411067859811,1.688793913309905,-0.9587187763871632,0.05749038249294247,0.07855029674541303,0
0.19631891776145838,0.4455388465290052,1.1111993566532803,0.8472353390930459,-2.841259178979385,-1.2393760709045933,0
1.4499075106555401,0.43483122076684505,-0.32275102611843537,0.15336897968377283,-0.17102574120467984,0.26512148966266635,0
-1.1848790774033695,-0.510334983207748,0.21174971808112725,-1.5167163098399896,-2.0075475586408538,-0.16170158762949505,0
0.6760437144392983,1.670162587348925,-0.4358189771662314,0.547302768426539,-0.8108871254277595,-1.5555001964994628,0
1.4885888647592411,-1.0790755000679764,0.5891393590279725,0.525643667738988,-0.9617832630127164,1.0730926385187889,0
-0.4277583541203883,0.8328993285973896,0.25178770689393903,-1.3361683231264203,-1.224497763416418,-0.27678190364684174,0
0.45304084541192646,-0.897046430645255,-0.6730468451270122,2.840348208019381,-0.46963965487594217,-2.2319921671752,0
0.014627140372546088,0.6967309092318439,0.9890742106954769,2.323940793543745,-0.9490440370344472,-3.114562086307766,0
-0.16913467433800955,1.0499842925713831,-0.31778060433606964,-2.083820269713188,-2.9423254530051643,0.279521792399261,0
-2.1521117466503883,2.289805797460459,1.927569385178195,0.13641117282760984,0.02542591240515324,-3.570464653221387,0
-3.2805249478819585,-0.0486068948728155,0.4486131033181622,-0.970625082752804,-1.0854911101689482,-0.10244150401688368,0
1.064283934672816,-0.8130121217203724,0.7339892274185661,0.4611398423263633,-2.1739642453377535,0.10715047945075828,0
0.7264731035068401,0.09430857892896574,1.7274827380309878,1.7066359550684822,-0.7112226223938319,-2.0433972393092263,0
1.413614906676738,-0.8639591168352135,-1.383453518068656,1.1850182102483384,-0.24884089495472128,-0.21926454836610854,0
1.114161141635019,0.5821670444800581,0.15716234986881794,2.017247207294151,-2.870643457478235,-0.8215022146706554,0
0.3260053839479,-0.48839173081703213,0.4201179982519729,1.9528625914076452,-2.325699795872624,-0.1583960082901399,0
-1.1821320710402536,0.054020726047489774,1.3466658228367874,-0.3892311807420097,0.24816084042827713,-1.6123161551581076,0
-3.518246843705955,0.5623166206232582,0.4172634478581861,-1.2759579851706915,-0.31341544724077,2.1721190811636877,0
0.32073001906352383,1.219503568712245,1.036201832131722,-2.363751899555605,-4.566719825230262,-1.0445205362548335,0
0.5106857188266261,0.7372525329431979,-1.091611194628208,0.3924577269794127,-1.1141207352350633,2.693117869219659,1
-0.3718520042359188,-0.026636644445163456,-0.588236459587683,0.45202605135178187,-0.49433291553912284,-3.446807095251054,0
-1.78369887328871,0.31353796728351535,-0.8814336084580743,-1.8384017496841354,0.45797635868257314,-0.2105837330111161,1
0.26533217730802616,0.3597367643574598,0.16870626109520295,0.23788518261816305,-0.5046048820605736,-3.1579370007222343,0
1.8032434985955197,-1.5247054499878059,-1.3535598561343933,-2.007832743202783,-1.9095522117683115,0.45114330486562704,0
1.8585895632435854,0.1546084295207779,1.18004536881117,0.5632476657948052,-1.557714249873232,1.8228049331042184,0
1.3711578190746063,-0.05653974398173432,-1.3022392090163228,1.1106713456740875,-1.059006669772702,0.24821498030407785,0
0.27556230285356675,0.27861919206591823,-1.4273335895154653,1.8409033954950256,-1.0712344994935616,-1.8895567599068377,0
0.3608052088908855,0.4049140989591295,-0.042335658198237126,-1.6497541955345354,-1.5520569972662388,0.19825752739064217,0
-2.1533499656150648,1.6216000997663216,-0.621627174035903,-0.5657722351619939,-0.6164851132520301,-1.6266355571036382,0
2.221649028708889,0.15744792496076662,-0.48635689354981293,0.6549013225308619,0.23634598684725305,-0.10584727285232531,0
-1.4346961169277623,-0.5491469770457174,1.269678839602134,-0.16165006626984812,-0.6502549708362247,-3.6632110044858512,0
1.2988693188488845,-0.6032078961176216,-0.6365257231756023,0.22062760575898877,-1.5277099866330872,-0.6300390300171327,0
-1.6084331567384573,0.2859186604759825,-0.8189966901586768,-1.491503818565684,-2.3340620609461,-0.5285618524276567,0
1.188511939873523,-0.41063469198080127,-0.5073836817460986,0.5838001659158037,-2.2081811860005227,0.9909369615468084,0
0.46443419637581507,1.2462673431229843,-0.5620903253041943,1.4768501500655464,-1.3798253505494937,-1.4634038657117248,0
-2.2479057903554187,0.15161882736063023,0.025426702611634773,-2.0544810112914442,-3.536700781316508,0.3064783994743119,0
1.9858393611882423,1.0641141833347134,-0.09938033012642304,1.197503309582742,-2.7398887304143855,1.5429913680838765,0
-1.3698954433375332,-0.41445810177032616,-0.608586086006421,-0.7760399242022906,-0.11885870838227608,-0.47664358224448145,0
-2.4937387210512933,-1.4187085375474735,0.21364588151247146,-0.7065940882927972,-0.6007545756022161,-0.9406767007095858,0
0.46174980696925294,0.6647140863088895,0.09096897677540905,0.21512735051549925,-0.3626630596983673,-1.8920202562526813,0
1.1508317111387947,1.0907235861498341,1.290515418870559,-0.7021347269564362,-0.13302497139800584,-1.5833291763743085,0
1.3226649925947824,1.126296559324147,0.7732543213170501,-1.3779032442407324,0.687725782390814,-0.868826123287701,0
-0.17525825581882826,0.937391149279786,-0.2233505408837356,0.7131081557960286,-2.8539311374429346,0.6965688363987808,0
1.2767790892926985,-1.425593315478103,0.8129142448974712,0.5215488434816682,0.3099346115147532,-1.0611655031964702,0
-1.4574734415667985,1.4475869245124284,0.10617496974650213,-0.3855714507328688,0.2772491527758285,-1.491597770286498,0
-0.5538201786449126,-0.9244972092556034,0.33016684119296735,-0.5135405146943883,-0.3303705581914087,-2.138699804059441,0
-1.1544512148610746,1.8822922338341885,0.009931019733270987,-0.8191536594305958,-0.18306382799798593,-0.5910331093209386,0
-1.1925808963127393,-1.689058449328896,-0.7193199901295528,-2.5066537431144527,-3.764357405147523,1.2866892227196702,0
1.1710061183804201,-1.2314687485942084,1.3074841895433447,0.4021779830237704,1.4473315263062139,-2.304014632557358,0
0.7261401917630852,1.2084505080181531,1.7028270060092783,1.4655556703780537,-1.0686009726965264,-3.4129322521063,0
0.4276353499721077,-0.7054256480791758,0.06231564543053688,-1.1302272012024823,-1.0266617369483695,-1.2300151544785818,0
1.2485120042761395,1.039395053042138,0.49666473422737467,1.565950280237316,-0.1036154804304047,-2.1214886736701497,0
-2.1793471244528173,1.3669904326788433,0.23320596398520743,-1.5042901160927713,-1.908028464827702,0.3324266165863641,0
0.999560324194167,-0.7674210000716748,-0.8763847334453033,0.869733047159383,-0.6757049793768896,-1.207193639796028,0
0.5068859145449763,0.389600394794567,-1.2285985157038086,2.4159938002639096,-1.9832903292169177,0.5709023605412473,0
-2.5433277002719588,1.137706202714778,0.3495949993602971,-0.7233314197138393,-2.1195872169219325,-2.9184110599603614,0
0.624331089362818,1.2128209850318663,-0.5034355591611999,1.7892688411527828,-0.4954337293511506,-1.8987726916058625,0
1.473242608475519,0.42962494063367457,1.3651487618920815,1.7188415567561899,-0.12844467332472842,0.150097272094724,0
-1.8491134326241643,-0.5706713486133254,0.734218218708196,-2.0152921559669705,-2.9714852733687533,0.7848853107063642,0
-1.4859925315721352,0.8994350407557219,0.7445840271996791,-0.9167814389151839,-1.0248805438699526,-1.1517960899419661,0
0.521507951303648,-1.3760422637893543,-0.33960163448836717,-0.2303826857230039,1.6006350969479435,-1.1939941523616182,0
1.2170278851029406,-0.036813506178282614,-0.19847651507575567,1.4423552264594706,0.9645682845212442,-2.095612580822804,0
0.37732642365290414,0.20526689360108463,-0.2622960121898327,1.5404404943897607,-1.337026496289632,-1.6396904851414587,0
1.1513274938495128,0.10393883414889918,-0.579052547947254,1.4445395349134211,-0.6554506238078672,-1.2234103900687796,0
-0.4263562693987659,-0.002166453227886297,1.2720589823398831,-1.406817996968197,-0.4438118405275365,1.1138524202398337,0
-1.919502736351246,-0.13388892656571572,-1.006979473446641,-1.5747791642341014,-2.186539730163857,0.10897113663159308,0
1.0778146478855386,0.7260034325676684,-0.9406448976409142,-1.1253478854901937,-1.091716232290599,-0.3898662474395871,0
-0.7497171572681937,2.0458172880882857,0.771038919953255,-1.5194962389736109,-1.213362554013879,0.6671498516937839,0
-1.849054959562865,0.6170301703206962,0.3673886906306303,-1.3977499388215036,-2.66600554384471,-1.3496868136248756,0
-0.8991089460298781,2.2567513964341175,-0.30742344459825993,0.05619455088894698,2.4962133553007675,-0.49767696541914397,0
2.042132680778413,-0.41105779186704344,-0.1309492221844728,-0.5763305902412137,-0.990502814145074,1.7785235079769781,0
0.9142731383955922,-0.198640259656028,0.6329676506008086,1.545117886976577,-0.3358714394436655,-1.605380662807409,0
0.04430331718400038,-0.11224746695165881,0.7029537919068678,-1.987812137350959,-1.9767248593298117,1.0830827828921028,0
1.1484273247986994,1.1408554956216552,-0.01849258839304812,1.430451579974108,0.16324313092516762,-2.0600399144830783,0
0.9786332654705873,-0.4376082567569663,1.0587438299148093,1.539604602513334,1.8320044224828869,-2.4954098594987935,0
1.5862488681635531,1.5169467897086448,1.3511359132612295,1.289911523929613,0.558670433093466,-1.588486213726659,0
0.22356288190827622,0.9557079561210825,1.9190008932186058,-1.7603177604606075,-2.055916402893203,-0.012541305001103176,0
1.7329507908055286,-1.6523670157038093,-1.475037198340117,0.4243229825513425,0.20263188315828384,-1.850591683892022,0
-2.276319741307468,2.467203710812492,-0.9923582864905137,-0.6512744036023634,-0.3546609445902694,-0.910430107222358,0
-0.41465630709969403,1.1145162842184595,1.113948633215661,-1.6621035683099024,-1.625360298871488,0.5316237080542581,0
1.3263161326212574,-1.0170366693914479,0.9412578547947976,-0.18432335710576409,-0.4345341470968973,-0.11116370893166039,0
-2.0171759922609773,-0.8474296921179458,0.538806211751954,0.4717711811851155,1.747837610166211,-2.5971404704249252,0
-0.507224410855247,0.4603298731798137,-1.3495488481743696,-0.945782483103983,-1.2176304894229446,-1.7352115795086505,0
1.6484232069383045,0.4486897683389067,1.556049439477057,-0.2509407349916567,-0.21227541423200513,-0.3923843194987371,1
-2.789342459345237,-2.590545973120058,-0.0489651890222238,-0.3956338678298045,-1.15014311828957,-2.70332557577735,0
-2.0990502524150343,-2.3216304066999154,-1.0656997173554419,-0.6183477196392078,-1.1950885792418882,-2.2365780598530565,0
1.3893440811938285,1.636825690112449,-1.0058126703621093,0.5979691592078051,-1.71142799428952,1.937569447153233,0
0.32607928781660833,0.8395935456672053,-0.9688316315467529,2.6907776536458146,-1.204669736578419,-2.075890192488313,0
-0.35770286682705765,0.8510692140206136,1.5005713689626685,3.100172701961187,-1.6873529658382567,-1.722518708292578,0
-0.8025494614329025,-0.6166050540454969,-0.37617660278168846,-0.9624775414157146,0.4133310703328965,0.6974181497148411,0
-1.8964249099390846,0.6714806010069174,0.661422784083347,-0.5178797412717888,0.10274261939916762,-1.0297942431000617,0
1.0001183990475617,0.1609789471789995,2.533516165346526,1.286964557058705,-1.1915306963776544,-0.13193064208693794,0
0.6720531275861987,0.2926513874005982,0.00799689961726585,1.103493478682278,0.04971623894625621,-2.556363997828286,0
0.38594862382616335,2.0773799955912433,1.4212829829524993,0.8182920637236513,-0.48623486227875556,-2.1811611793325607,0
-2.767478264952759,-0.18533712281575823,-1.741069310062649,-0.41344939937543934,0.1894327829647673,-0.8439041705013725,0
1.5265689480985594,-1.7649203841448429,-0.29384703634710596,-0.04901681256419588,-0.9532997355951057,-0.5459087496370101,0
0.1515955832564091,-0.10412415422452258,0.7797554962888209,-0.9389313601293828,-0.48945742701497097,-1.1002078992389033,0
1.1967048112603247,-1.0173336567547735,0.03240144136967392,1.4619498680522893,-2.539558084296412,-0.8556564245432265,0
0.8853978053949396,0.14534580275063477,0.6164364225217362,0.14264208199384376,-1.4901165371348235,-1.5169193254735762,0
2.0811886144196854,-0.7931253451671499,1.0608136862553892,0.8517451562468079,-1.3937971209312994,1.3719748918178012,0
1.629285600799903,0.7505361154353056,0.6982208361354789,-0.6567569054854363,-0.5088657349327081,-0.18444543695239102,0
0.8875123927373444,-1.28976558176506,0.2669869855276509,0.5437539164217462,-1.1115726040131682,-0.9408966323188941,0
-1.4302705051926508,-0.9033434862969979,-0.08922545291666428,-1.3414141918180937,-0.7932579571969851,0.8563727971683781,0
-0.41081278607771776,1.68354649877845,-0.5271213854151164,-1.8605659567347947,-2.270569812469054,0.37144561016307454,0
-1.0154522931727072,0.7579053961110119,1.459107157301978,-0.45036112231008363,-1.2653620227407965,-3.4773545204357617,0
0.20626939873249261,0.031022936999807037,0.6235221029507587,-2.1046366281035214,-2.690875261349949,0.5588511415261235,0
1.3736570843917464,0.354617568017944,-0.044954586772383044,1.0186089810579124,-2.0290229915601357,1.1131977607892165,0
2.415276977889077,-0.23623613149791714,-0.5280338385633047,1.4459633375805656,-0.025644302619890702,1.452925415763434,0
0.9908170899525585,0.41886474740898055,0.8638798216688371,0.23378410888103485,-0.5435713081274873,-0.1393913304637716,0
-0.7443084324838389,0.9830827052059001,-0.30872115327850763,-0.8464127327339394,-1.3546846966609833,-2.2419515330865236,0
-1.5251403773113306,-0.8039723988069778,0.7460881195396843,-0.9564422777369134,-1.1271857510755674,-1.099267853760538,0
-1.2175202182364289,0.20764933540409175,1.0599405560591506,-0.7261470862414237,0.047449430025157335,-0.563169741563504,0
0.7050784363170823,0.2325949082278164,-0.21975049584272882,1.361126345657357,-1.2887840377093123,-1.377182506809062,0
1.6172622214147576,-1.0992282503581436,-0.3518241723372218,-0.14953128100975888,-1.751088425242388,0.3930934978690479,0
-0.7465652914424725,-0.7290791631026989,1.0479129691305784,-3.0265582798615664,-3.7224050870703445,3.2449398077919662,0
-1.1782682914452587,0.6481372699075333,0.7558549597599394,-0.3517872986988684,0.1650951414441706,-1.8640080882024783,0
1.0146887627743202,0.7380803749096508,0.11088947888776789,-1.3429991092891547,-1.2690476439025635,-0.9754657902978041,0
-2.285329461244637,-0.8386895237038932,0.4028217210829767,-1.2121873427766874,-2.2875545333106704,-1.3044045066574863,0
-1.23260312601693,1.4703207720364857,0.3254317585362977,-2.06574718571563,-1.317505319966596,2.9060386774665803,0
-3.247278740318508,-1.3767297025036298,-0.4642210974332259,-0.35868560929533344,-0.5458790597604164,-1.8920644131089195,0
1.5608531635577627,-0.8201217200962095,-1.9357655472112385,0.3592289562155736,0.5822456633961199,-0.982664521848176,0
-1.9217456419154568,0.1317198895343158,-0.8988606069585929,-1.1910099527505396,-1.4899886149190684,-0.4917637894735961,0
1.0648334955086427,0.019154915057859004,0.22970074716785507,1.999025228115735,-2.0878269903236775,0.46566097919006255,0
1.3351303088542115,0.33014261578907306,0.8943678872123748,-0.3269794875156402,1.4855363691524306,-1.4205875996313924,0
0.6376394937811787,-0.3548073501842204,-0.378295274261212,-0.8247042110709981,0.29138948417421817,-0.7081049774980488,0
0.3113998789263088,-0.7960160652158775,-0.5596626897839663,2.686019621348277,-1.559063039569907,-1.6064449259397282,0
0.9704861039097222,-0.013172988522326835,-0.19052836766367762,0.3719010065529931,-1.0959563175396834,-1.1698589444899756,0
1.2810742525461436,0.5919846851245532,0.8950086680601209,1.732246207196898,-0.7093481402277132,-0.785286938086538,0
1.312018869751777,0.9886805603447387,0.318105056052626,1.806355084926255,-2.025348175725523,0.3124243915457041,0
1.0754361788070896,-0.6152291907079231,-1.641253202359863,0.5875806603805993,0.24503519741197555,-0.9247341632274587,0
-0.6929973580508503,-0.025008706309041482,2.1056770663406312,-0.609059302948973,0.8347822370291194,-0.16076209187366752,0
-3.581516820544316,0.18481327076418536,0.4604197294400478,-0.8252514103412865,-2.2784822280482677,-2.1664701675508953,0
1.3039206236582102,-0.24134377440650479,0.1684019569354735,0.009397830052729428,-1.4543745087819078,-0.38823541835531317,0
0.24724226659002047,1.0510951206993302,0.8207593039813063,1.681557272605028,-2.0056045554266744,-1.0129849437595602,0
0.861672682518092,-0.20462175126486848,0.004813307376784878,1.8407261784473512,-1.7336165259029568,-1.0013866427069746,0
-1.8938213334346101,-0.6693860527711348,-1.0204045638322368,0.036428422534011906,-1.6146025536006863,-2.718589002756606,1
-2.559382504309162,-0.2548998448684591,0.4436139226821785,-2.106932659281682,-4.806029393446359,-1.0280270921230217,0
-1.8893450464942396,0.39770177050729577,0.1577507810297153,-0.2890496216584313,-0.7018754933267173,-3.0135948498701,0
-1.408367024782124,-0.8466117091333288,0.7312465066704062,-0.8872388098886254,-1.1840069989458744,-1.5037304881174602,0
-1.7534446386057088,0.17259410391486618,-0.44272505218466185,-1.1070545851000209,-0.941359424595652,-0.18770997733746586,0
-0.2799571997268404,0.010175070741430444,0.18494228287440923,-0.6079814612251688,-0.7770713373969691,-2.6114081003940766,0
0.019812581569003007,0.697065274014387,-0.23916638006903776,0.70501113545932,-2.2358506271251146,-1.3079891979394955,0
1.1234417252629438,1.726626506496595,0.10379718109609347,0.11577888030147654,-0.9033076155018664,-2.3657001955041954,0
1.199059817716296,1.5609497990990675,2.035032701365911,0.2273129145022087,-1.8475599639349496,0.5798802941080479,0
1.0933506039895284,-2.5434981829554735,1.9871309706701052,-0.13336527715380453,-0.7034526597302091,-1.1356041951197002,0
-0.4783211255000617,-0.8658664371290591,-0.7192433379629661,-1.906438880914442,-3.575985063963609,-1.1760605114754956,0
0.8416998444255382,-1.3208237738789572,2.2362836507959862,-0.09513677837795731,-0.4136597318005638,-1.1193970492935656,0
-3.555229082432498,1.0276776748010317,0.13110209068591813,-0.13119507061362234,0.7760980623901668,-0.7970751505472907,0
0.9799756764128047,1.4567099500617942,0.3118141834772605,-0.6889546836413345,-1.5795779793146958,-3.9959759968219433,0
-0.595693404865135,-1.6477981083840352,0.1694418308596864,-1.6512523329898865,-2.353515768145045,-0.45794994691334157,0
1.1204332743618712,-0.6473154083300372,0.21899252333399247,1.8084373734638075,-1.6800836625295497,-0.11927154974686216,0
1.842959343857741,2.188056759288627,0.5319906076118036,1.6802878163396988,-0.7729155350444579,0.15190536531559928,0
-0.738047531119468,-1.153623990282676,0.11362445749432701,-1.6044937056492055,-2.5637388459813906,-0.8932473882774293,0
-2.169468470811794,-0.20892848687957735,1.2679221333318873,-1.2715908335964605,-1.3561896025895874,0.13855770197107597,0
0.6498399289849532,-0.7413932766302571,1.6608024019379088,0.3465273248439561,-0.6278245659944817,-2.1191546711141522,0
1.5147428933544622,0.8100806519091857,-1.0778741029687253,1.2442252175492252,-1.429600523308634,0.566160870066539,0
-2.431493138106877,-1.3454848362522223,0.6820595085768006,-0.5300249343704511,-2.952342383002055,-4.793135918491094,0
1.331546064717831,0.34828933009975854,-0.7324684570116543,1.6903505012130173,-1.2079779288944013,0.43905024873103016,0
0.17232512474641215,0.6771468663576308,-0.24530054133253051,0.4288593120726477,-1.7635745137570893,0.33446626906830024,0
1.2887816063005648,0.04293224521441284,1.3446761201021329,-0.6157901499841802,0.21098961201244393,-2.9958275685746463,0
-0.6644939156082907,0.6195664721781072,0.4107306632690933,-1.2631062049545894,-2.424520602524204,-2.0312782142921035,0
2.6290934433750204,0.5726081079140996,0.34869045175724583,0.28385662000075973,0.8975248418230541,1.4359866443787555,1
1.6327193983979895,-1.0954334572945867,0.5460735131371113,-0.23672851689653807,-1.3170460904306922,-0.2375706337903838,0
-1.2178437478406656,0.8375078724832392,1.3068740958752738,-1.3131202655292455,-1.8672280893361455,-0.8981749736847509,0
-1.677180402844328,0.4261195264046615,-0.18319134571712223,-1.5962455134268148,-0.6714822335598338,2.106401787997965,0
1.2781515480303212,0.04172271121569786,2.562527659332516,0.47215181963332586,-0.8688375675586361,-0.6978578756867188,0
1.3099228955153595,0.5373156575442041,1.3343503259492993,0.5570076469051464,-0.4933106656929739,-0.6953568876747924,0
1.5840221550212958,-0.18078436389549102,-0.30656944713385026,0.18852096047796962,-1.1521618070396187,-0.2815305135769369,0
-0.5768501315183068,1.075393445646077,0.3631193416713573,-0.7684010675462968,-1.0866051209919214,-2.2367370637342425,0
-1.7513098613585452,-0.21754074858394365,-1.4890003551239719,-2.0712971171555132,-3.790893509005685,-0.14811239588464986,0
-0.5806258889595598,-1.2062713092828017,-1.2802684093629393,-0.9757605181370095,-0.6706753712576086,-0.8235322286861904,0
1.513554503555679,-0.878270073673366,0.9619566195553785,0.030354273293686673,-1.4516131256172409,-1.5313819301903253,0
0.4548187517267508,-1.2181079715493217,0.6535019520558621,0.8328094474969723,-2.048932727519996,-1.5649591863735677,0
0.9526636738184825,1.3693876725962943,-1.760578594241603,1.0250564094774879,0.20829164425595859,-0.05086706419644793,0
-1.6205470380772975,1.2431834372143582,-0.8988131880349017,-0.7917767076755214,0.11011277500420191,-0.06455499407849752,0
0.34891062027093345,-0.9997528010881317,-0.7835221841353823,2.1724442150122476,-1.9439008577982015,-0.6018726765310074,0
0.7064327490799762,1.1841725276601456,0.2997745637215646,0.34746953843157424,-1.8569879825528794,-2.647408873450596,0
0.573763072602084,-0.8135437543979207,-1.9355846795170613,-0.4103653352095469,-1.1471861488736372,-2.620245461187136,0
-1.6450300930794506,1.4827147941724148,-0.48107355738448426,-0.579993443303164,-1.001976173380987,-2.365647439643726,0
1.075815612270707,-0.8667229746284533,-1.225767816757602,-2.149291758354617,-1.6192196739022586,-1.165933214968745,1
-2.065109837426644,-0.8600133615785398,-1.030014575863108,-0.6404258531429545,-1.856795995464843,-3.0615390393390105,0
0.563897703536411,-1.3819953225931907,0.24990170911772747,0.9819462748719392,-0.1625862886414673,-1.2443537317489015,0
-0.027281271435341647,-0.32483237366931933,0.6563574506292909,2.5562103057480057,-2.455219562838084,-1.9413310099152201,0
-0.1514457324032097,1.0545935162270592,0.1989026621503274,1.3341431137274122,0.5024621866712751,-4.00156692357519,0
1.2820188895081035,-0.12818546958576715,0.6597211996563939,0.4934894519195453,-0.6223379554952856,-0.2431389265523819,0
1.4957357235306663,1.3668364606054457,-0.8442790185229957,-1.506410739741559,-1.117722326369599,-0.32550020691611736,0
0.9423516163987543,1.6405335708923698,-0.655578997329579,1.375872157487148,-1.865343643825284,-1.6300303246896926,0
-0.7005721972581067,-0.08456299914380815,-0.6722782721875988,-0.856681762558306,-1.6604920427379737,-2.624943357234006,0
-1.7303411482505684,-0.09843898615563221,-0.43396614207281087,-1.702639961362752,-3.1574706239413572,-0.7850386959282761,0
1.126965035325689,-2.1654815857130014,0.3046362963480508,2.767514533580328,-1.7503888164128856,-0.6989191715859255,0
1.1934936946822572,0.19356939925357777,-0.6026858478277888,0.08425316530829652,-1.1647393244118245,-0.19023403209347323,0
-1.6513230871670979,-0.16719614307235198,0.666166065471662,-0.6788494988868241,-1.253459945562466,-2.3321193260166235,0
1.1597682884123297,-0.5083893712580683,-0.6607420360353083,-1.2497846855895918,-1.8990580472775926,-0.8529373440719432,1
1.269765697155124,0.13119009034388346,0.08642851707843523,-0.3669749683763044,-0.7906154530807548,-1.699050009554143,0
1.754502067533609,0.2827886964836766,-0.29071074335321945,0.8784452152382485,-1.6137653983596496,0.522980954094791,0
-1.2616182507861693,0.18780254789108838,-1.593717015351033,-0.9877523452339058,-1.5033976632086787,-1.611864954718428,0
-0.9574504421695904,-0.9420659015623665,0.4540138017167675,-1.8739022799645846,-3.194818847773811,-0.5421894292907021,0
-1.232948868281874,0.09626077640338242,-1.4438895774639133,-2.207687960122196,-3.6731084722731877,0.27700036228850267,0
1.5552908981133418,0.8663199502620572,1.6076409211162175,0.8545248440593101,-0.00894659122219621,-1.1935705093020927,0
0.724870287554093,1.5511550445957039,-2.1663808434157783,2.4491886543925014,-0.718283617192436,-0.9758714248573868,0
-0.941699676975934,3.495877789600099,-1.4634059584266885,-2.1578265818537212,-2.52133490053051,1.4585546234622329,0
1.7147404843959029,0.5196144598478016,1.6283459593913616,-1.0845593758168355,-0.38391798670721966,-0.23799865723946634,0
-0.293597128563698,-1.381109755914747,1.3851489252123237,-1.5209601215093778,-2.8173751928123876,-1.7633433879363967,0
1.1417558298264934,0.935392053798128,-0.2040932970155869,3.532491822230529,-0.6372955550345865,-0.08026280412718534,0
-1.9676499035238835,0.11068240565582617,0.12569982217698403,-1.3956278279790286,-1.2679201591044207,0.6709829414992401,0
0.6976593798532549,-0.9965927363229516,-1.2323211470374407,0.5163424097884185,-1.8280854419947974,-0.7110084051865624,0
0.6692692532123052,0.6403971849116776,0.1489719493272099,3.609029420818403,-0.7423456161986677,2.398215106145611,1
-0.9719114161430422,0.264644005121289,0.9481214391006447,-0.22181793684737305,-0.8282661907152551,-3.8924035115826126,0
-0.38310912957780163,0.6546541629080077,0.18465277590460072,-1.7677120833168019,-2.276148068364035,-0.02634513133501859,0
-3.7730904783217447,-0.5937953222563245,-0.9657574156062594,-0.05947596366259944,-0.6935426835740612,-2.919757597758249,0
1.4785929192596785,-1.3883901407716945,-0.2172836969368236,0.1734565174419641,-0.40529366066123307,-0.5543339138299335,0
0.30234939249926684,-0.6642241813532244,0.8815997459782084,0.637651443583284,-1.8887910601777829,-2.7796246213302576,0
-1.4152270185878146,0.281735063829374,1.5683392760301245,-0.9162816943374629,-0.2896194223056321,-0.1607686942079668,0
1.6190826591150125,1.106850182189822,-0.11405917237235645,-2.161340096700595,-1.6592794238363218,-1.0752343947383347,0
0.9791791511420305,-0.4972676139223384,-0.6409043492480827,1.1875664586409425,-1.3454656507674145,-1.686389633229788,0
0.7943949346057492,-0.18319391822192532,0.6511614606523132,1.3116565181400526,-0.9546396744111403,-0.8814146034648996,0
0.6309317310212964,0.415976621217802,-0.7979934021814765,0.4807171384365365,-0.2395371859046509,-2.5642530884143087,0
0.888304572803427,1.5457122976592172,-0.749143264693601,2.8111368403805557,-1.1226629589497543,-2.2182650854537327,0
-0.5725164792844962,-2.7610619661559896,-0.4167026002343339,-1.8138152397338962,-2.7801913537012117,-0.3881500241624639,0
1.5576977587390117,-0.7705679143861808,-0.40073556918739084,1.426087653959997,0.1607873938165154,0.4611544560694456,0
0.5042405727667656,0.31206959779496757,0.14993167006339106,-1.8239472744064873,-1.965572956179602,0.24861236001017661,0
-0.5963944233136542,0.8011640198239227,2.11087263702428,-0.9157328105931316,-0.6018164068581368,-0.9963845813688732,0
0.28222126345814114,-0.8056053984262593,1.0121364609085306,1.287288216775536,-2.0272063897616874,-1.3649257553170375,0
1.3896262722278467,-1.567329153524528,0.3783471956072637,0.4516644004079231,-0.9256189077558461,-0.4546959893983875,0
-1.764178964162499,0.9674877492386388,-0.5609352142237467,-1.1191404384306607,-2.198545755999353,-1.8068026634399452,0
1.9535890426774962,0.7393058408322967,0.8163391559383438,0.010164207793619928,-2.126984315283556,0.888686399393577,0
0.5976443189237537,1.368129807708867,-0.3562902946047844,1.1124964309201273,-0.7211479520933156,-3.392837860888727,0
1.4398169783376475,1.4344668693460538,0.25713065241862126,0.9086375297569279,-0.3819311895057069,-0.8454233470581808,0
1.1266451898723846,0.1744592948367024,-0.8362881187253874,1.0690695610364604,-0.6160465317299972,-1.1550430603891932,0
1.0111489476494158,-1.0935571458882358,-0.8224709128492901,0.0938079149932236,0.7480612107736839,2.6767264049760993,1
-0.7855723441711528,-0.24091124509361989,-1.5456501396999585,-1.0816471225571536,-1.2959886525171753,-1.1431458486212978,0
-2.1232863381761424,0.0438749637607155,0.3786662342514116,-1.44330967708563,-0.1841458235432013,2.4113075235145587,0
-1.2638379070893704,0.4753660343472122,-0.14634235365483608,-1.5787516237378911,-1.1096346259999534,1.2623652487518116,0
0.7943558971702802,-0.21795205326864608,-1.110652196249686,-0.8382872262058884,1.0961126221184485,0.3297739837231841,0
-0.42319283977881605,1.42025693244196,-0.5347156078106451,-0.22141144534167123,1.687604755437695,-0.7411978274801035,0
-0.3142367647192059,-0.26095483295925803,-1.2877754452982377,0.2559355917868673,1.0781013297872901,-3.481941628016873,0
0.13324334746986155,-0.8859543132945961,-0.09117423351856317,-1.0551581977056188,-1.8590780453054934,-2.5327037881192505,0
-0.7558467702420153,-0.3247734732791751,2.3003956426851713,-0.0504403527626931,0.5847372653875105,-2.7243194795966907,0
1.1327851019275126,-0.35884641691291935,0.05662845181217025,1.970788778862728,-1.5057253709558869,0.3271462936244922,0
-1.616342186788516,-1.6550629923331868,2.136559128802725,-1.6951698693913033,-3.1543059202709642,-0.8551136811929392,0
-0.26882945696935057,0.5032846688166488,0.8130736316294986,-2.0297579632393283,-2.7356709208658136,0.38459035986516854,0
0.803802395480207,-0.8009807933177084,1.5064217220015799,-1.7898505818238895,0.9274174909385153,-2.1321368529585953,0
-2.4741051631220166,-1.3824599249460918,1.540785811994749,-0.48375972357601327,-0.542292844418389,-1.746309658080099,0
-1.2142003336287532,-0.6368264497233397,-1.8577198613577113,0.5119822645465892,1.6617456891645834,0.8226201768406747,1
0.4291317258345765,-0.7773900758589046,0.6933246903326009,1.4743568765189892,-1.7520772872771406,-1.696542617596596,0
-1.8281122688128857,0.5387289760525086,-0.21127525515031384,-0.6395115972550245,2.619453015655891,1.6908658900172693,1
1.759253747612115,1.4939381997983447,0.5279026489428972,-0.2765557416135862,0.35286222839588666,-0.7785854304371904,0
1.2777040995669773,-0.036595862562551394,0.35597712395974557,1.4359849167834544,-0.3645745385012018,-0.3335096762935654,0
1.006759736857909,-0.7820238651074395,0.00276183588393645,-1.016394831758955,-0.5348217549200238,-1.280854306429521,0
1.0280330983649906,-1.2915111010958051,0.42709731679166757,-1.5312172461781828,-1.2650699037530868,-0.22185768556736551,0
0.9310324280595095,-0.7055540917782499,1.008001947245045,0.7649853942183665,-0.7482630575330336,0.022115412498898257,0
-2.5749922170078814,1.2919466965668656,1.3488294204391502,-1.5290654955820977,-3.1696911170219395,-1.1608805618081464,0
-2.729404055989432,0.35034177922839693,0.29785609420602127,-1.3633954747264116,-2.0239883635121645,-0.11457153806073694,0
-2.586728190262762,-2.36396849425218,-1.0551784721031583,-0.9668329295338548,-2.1610243468845938,-1.989361834886561,0
-0.09978349686953114,-0.4731700706360385,-0.030570163417495192,-1.0002709427298915,-0.8715300576205078,-1.2409080273865067,0
1.2404234464016366,-1.5048759928291267,0.12598395444891058,-0.4131280997996798,-0.1279413607978972,-3.1356390238290377,0
0.9037847278314729,-0.07609676861195927,-1.217396118989266,1.1266565005716045,-1.6764250844442454,0.044331188303661895,0
-0.6430998548523219,-0.9962320562225203,-0.06154327388004871,-1.2732041357651398,-2.317280796036113,-1.8694235965010124,0
0.6459021687101751,1.4617381335348938,0.16105147859658853,-0.7252744972682784,0.1331963161171974,-1.2923335633757016,0
-1.1572440091847738,0.29837745260117915,-0.6349069197424152,-1.1224494323084666,-0.32611410037045574,0.49663682643833784,0
-0.01915395977376999,-0.15650703083537273,1.3083158308914355,1.7536462206725982,-2.3390371853720704,-2.332368850034877,0
0.4250149606160387,0.07592053425948668,-1.6100714474143767,2.244977996505475,-0.5536725636889128,2.653248024022643,1
-0.6678050375719595,-0.8699801924749085,-0.6596263010599115,0.7676532499959694,1.0891617040695747,0.9776059034001472,1
-1.7829162286349391,0.9167449190592203,-0.6927314644886842,-0.937037889839352,-1.2099429315836745,-1.1947780203574374,0
1.148737256011092,-0.37732151011826054,2.0258070919112505,1.0298907401790893,-1.7992089890483434,-1.0891847586583316,0
1.0514753691037941,0.8810715736226133,1.556000571839204,0.2634731924351075,-0.8427327574033087,-2.00339563048864,0
-1.6829582008730337,-0.02809031340802223,-0.22012368028997004,-1.4941479734398202,-1.814947045287828,0.2414904032684282,0
-2.1131674419861133,-0.8224315772548629,1.3169588366867038,-1.2978629534760047,-3.170016901154159,-2.279025362334144,0
1.4761046263834547,0.7757672174031766,1.3720614239496856,1.1948514793760578,-0.16932072629355277,1.229606833798257,0
0.8288818688139954,0.08070662638674134,-0.6311897694433802,0.5722707558795517,-0.18715220963130597,-2.291630518713986,0
1.0066408487475318,-0.41138983002749074,-0.4840496363870183,0.05737322566369518,-1.8500454389462329,-0.772446997177521,0
1.770315363754254,-0.16577119760145495,-1.0817474872988404,-0.008940753338373852,-0.4032141730306663,-0.5026474544021636,0
-0.7842310228446445,-0.1701796665065516,-1.3140673085340397,0.4365373181479413,1.5075255497217124,-3.4195748693468744,0
1.8667780925274529,-0.14730039725501845,-0.5326609725087593,0.752965551096699,-0.014537349456517523,0.3842770835763494,0
0.7927167688053589,-1.1937109876608283,-0.30134644969155117,1.9924743306877417,-0.7345586402155488,-1.4794696252599644,0
1.3191190173701828,-2.517143142096245,-1.3577908952578768,-1.053391455041135,-0.7561853018896675,-0.8193348250918202,0
-1.8381228670481113,0.8537246722572774,0.23632590272777546,-1.8567854605141514,-1.9410725320664661,1.4975716706245055,0
-1.313489874120815,0.18716402048616199,0.22992646789343035,-2.3446829708032197,-2.449594109510042,2.5239088244393835,0
1.2258343207388698,0.47047365611673203,1.9478167872543153,1.4657005619249588,-1.9677707981928108,-0.3138118922602088,0
0.7013625495119797,0.5871376842128475,-1.1284736297475466,-1.6228512449418886,-2.871694409888624,-1.8651014548850076,0
0.8395733897562146,-0.41500158233511925,-2.5297162106054607,1.4902804764634676,-1.8565885414586027,-0.3973975576631218,0
-0.8126393567401329,-1.085456076896216,0.7084210428945821,-1.9618756062309637,-1.9858197381333498,1.365794804900768,0
0.8326665540914608,-1.452795895888346,-1.3971579982180775,1.8698543778010992,-1.9367523520822703,-1.0963573018020782,0
-0.9661741758938247,-0.4399629124065766,0.5496994183110051,1.2961214409500645,0.8622638449686484,-0.04464893489197408,1
2.135999098022441,0.2294032478314346,-1.0811371127976614,1.0299036837006323,-1.5475464170177773,0.5264885944944406,0
0.33411818591108744,0.8645299085407953,1.518886581452663,0.01621290940278297,-0.9434486727715795,-3.07810649134005,0
1.057454955196221,-1.7581930072759717,0.6384509351645649,1.8021762562303938,0.4578938693946937,-0.4353677758384976,0
-0.7978707557473002,0.5363778526017037,0.36656575719312195,-0.4840990663763628,-0.5852421737780364,-1.6190812754811659,1
0.20866145935823155,0.56568707966939,-0.0607314103854932,-1.0980068300584809,-0.46580824016138733,-2.3742288351037377,0
-1.3511073638349824,0.953671678165781,-0.044764807386507684,-0.681460175440922,-1.9106258895500687,-3.353712287188926,0
0.23231438626846845,0.8560592234970398,0.9577897351368669,-1.643598066552141,-1.0535746249954787,0.9091643721666376,0
-2.134111674049498,-0.3242360108482005,0.8029239690806602,-0.4751317896065915,-1.9108144560481657,-3.7491604984795117,0
-0.2327312757424742,-0.7093787075578609,1.876173413227712,-1.4440630816657718,-1.5391431719368422,-0.3188025888797621,0
-0.7610732404666711,1.1877191771664013,1.5355623779154153,-1.036694377284602,1.0430498526694805,0.5170366560311381,1
-0.6877103857959395,-0.2458499789779966,-0.614236618548697,-1.2271662265934091,-1.5234571034499285,-0.9245991392564716,0
-0.002748308316509185,-0.05461267405809275,-0.23989891708016095,-1.0429657920563988,-1.8553907405621706,-2.512241699587563,0
-1.7835660590679563,0.9034490360911002,0.060608835674933005,-0.8350848287928111,-0.6172351986815064,-0.7439690312365196,0
1.4846113128618916,0.27319919902204376,0.44319865991572976,1.4490201198914976,-1.8298336059436227,0.45408044667455605,0
0.49816887594532777,-1.840329036234172,1.6101715293786063,-0.8497390827776181,-0.03438357361642663,-1.0092463110633145,0
0.3104252058985133,0.23394745213453977,-0.38267843755186814,0.2914587943540926,-1.6907964384613725,-2.307895097212854,0
1.9875575172499649,0.3728329917986322,0.4705147617608019,0.8811217438796284,-0.33932884491876514,-0.10951859639179184,0
-1.8723670603814266,-1.7783509672653808,-0.6549459608026902,0.3939532219329802,0.9556827947396551,-3.5379205659447264,0
2.156679542560277,1.4461946654953937,-1.3888915541730793,0.6653054093649418,-0.42809285023451216,-0.4360350325784641,0
0.4921150421122501,-0.644386928798028,-1.9949452858132852,0.8122621455483328,-0.3823930328422348,-2.337246169083085,0
-1.2840667460815958,0.5198648520122691,1.9436030481831703,-0.18632700780593603,1.808651440043933,-0.21377156843271572,0
-3.218731200583428,0.2560548642832593,-0.32323796452209,-0.31852621318124164,0.029281150366221365,-1.2669038923636826,0
-0.13960954524085623,-0.8313994672674534,0.6975866003471783,-0.8263522322816675,-0.7970664452611601,-1.872645333931823,0
-0.7776602742352453,0.933783912872343,-0.3253628783514149,-0.6392589364924535,-0.2698604851665065,-1.494032277640966,0
1.2970706710410438,0.22987220812393777,1.4798860999138403,-0.8297051807492422,0.20102417275557438,-1.1502678573858194,0
0.7358331493493366,1.1219057109821344,-0.8184039305286839,1.667018302891762,-1.9989265158365273,-1.3384129969466125,0
-0.2918535914922543,-0.3682252752410914,-0.45973073137422704,-1.0657443902766675,-2.39679108760674,-2.9663851798042673,0
-2.263959717373007,0.17367664613852624,-0.701337191602714,-1.0514174077082337,-3.5170675504241653,-3.568841042450842,0
1.3816787430746298,1.546090168234707,0.8111432591099114,0.9645066965198463,-2.4914130175334135,-0.5487518951016181,0
0.955598585366414,0.31304970991314623,-0.03765994352544069,2.1149186026129616,-1.3694604774075305,-0.0596085650720537,0
0.9192841291611381,-0.4283452397058618,-2.0469346867227998,0.7416353879111508,-0.35846632497791286,-1.3932668531060677,0
-0.1828170801398522,1.0318679825348305,1.345803267362869,0.5784469096603502,-0.43867031520873834,2.3125445085859506,1
1.3728715558887838,0.3224669010017471,-0.22306703548074155,1.630808815291854,-2.7987652042927724,-0.6968851842457068,0
1.193948296683368,-0.6784854050250794,-0.03821102747132102,0.1543886053953294,-2.108423583997929,0.8854475015859484,0
-0.28652279191709273,-0.39231476873390336,-0.42251273442204323,-1.7198664893578839,-2.32816093260809,-0.31845155280756376,0
-1.50210341826719,0.0695480877572431,0.7225885016201056,-1.9975574515916998,-2.919695404478788,0.5398166318180466,0
0.8775768143721111,1.6083893113571923,0.3549682547576656,1.6963010197315924,-0.6140926009199582,-0.7140502614984712,0
-2.195489569902596,-0.003507992008540084,-0.9700039675090428,-1.6255809662887306,-1.7442064516112592,1.0422831729288897,0
0.5870062940070948,1.2974214212897037,0.11434689130368872,2.3192592247658377,-1.0531636415006385,-1.2262494243589128,0
1.4640903722010763,1.2319844712696357,-2.537388596069884,0.2992618075264768,-1.510092264000008,-0.1968972289042329,0
0.8975047783874206,-0.42850000482208533,-0.8204680929130882,2.884560371073289,-1.6402719253437887,0.32279079456993975,0
-1.3359690518129639,-1.7187508928621646,1.2749891193000438,-0.9597174085241389,-1.000400356772907,-0.9902471975885131,0
-2.136635597840466,1.669228754640302,2.4344086332376818,-1.4413704249318364,-3.0362973820062895,-1.5104276938013323,0
-2.3216335261763232,-0.4203951223616271,1.3626170266133677,-1.7638649324299829,-1.5755534827469146,1.8230291398621152,0
1.089856190643923,1.596048491395556,-0.356738563259028,0.6235953010426025,-1.1026741719889306,2.8002134615452805,1
-1.0161612803558793,0.1849008169289769,-1.0529650784003068,-1.067365484800735,-0.863558268600048,-0.5482195792477944,0
1.218483588447368,-0.8339843541994671,-0.13929201177662912,1.361222874147104,-0.492623710668321,-1.0542863536335196,0
-0.6794735490418751,-0.5821115937904281,-0.588038578458875,-1.459485760319418,-1.8323318043734655,-0.4961577977160697,0
1.255382937517755,0.7012555591767271,0.18160906625350978,0.17483196437057047,-1.0575024466027878,-1.0552732038771648,0
0.2137212548873646,0.15101229055781942,-0.28326750883946716,2.267583600511556,-1.0079125797028943,-2.2945076507441025,0
0.6744413562665357,0.2020209369900072,0.21494016993893264,0.7845709357598636,-3.2371993325126156,0.1840842246068637,0
-1.0477676724521015,0.6157007293625533,-0.5651736316059788,-0.02277417431526796,0.7907731853365292,-2.416367210541203,0
-1.9692893644996294,-0.4300992037619455,0.08635531550037072,-0.5122653910503239,-0.6450080040230832,-2.01766273095011,0
-0.5467108710268718,-0.20899996069373228,-0.6405294565074873,0.4929227364001467,-1.8391747669441532,-3.7880824833591005,0
0.897010366410445,1.2706995850921912,0.630815849144619,-0.8221420327318749,-0.626350521429098,-2.077537235680338,0
0.6127824144718306,0.23958888072416873,0.48415911893295277,-1.7830781601339347,0.5130172063310825,-3.1333465284278748,0
1.6052338475226355,0.6776396884833475,0.7905013606617233,1.1204469989157357,-0.22861523022833585,-1.1294027430077906,0
0.419359526232125,0.23374717642291024,-1.0719749162741792,0.964027540210462,-1.8858226507817561,-1.7565769851318147,0
0.31492598418199413,-1.3578224620375543,-0.32256478410197714,3.1377723649184426,-1.6717272175809863,-0.7063874838449912,0
-0.5347935741744556,-0.6582734432013181,-0.393757316473212,-0.00808953679274993,-0.7437555640540365,-4.756124546816419,0
-4.387336373646807,0.2638517010739347,-1.524415338120977,-0.3079018429705134,-0.43968468492617196,-1.3928632780199421,0
1.63045894784984,0.8842423057738108,1.1698009525885504,1.670145936499611,-1.5172753480592491,-0.6802668664261322,0
-2.8742936102318,0.21991715060593411,-1.3260950590468563,-0.9269852446434727,-1.4645906169429006,-0.9611100049349484,0
1.40744359423124,0.20205461602564603,0.6523887162435664,-0.46158006857351386,-1.382869200596088,-0.4699330112690008,0
-1.3102272418769196,0.31170180213121856,-0.44876822448863096,-0.0820421562771323,-0.6072761550529322,-3.9737131166626036,0
2.2331978809604482,-0.9343516085785111,-0.6662387242582275,-1.0882963508783043,-0.0866064546662294,-0.9595347245185759,0
1.2797267639488803,-0.38369041958098427,0.9540138158473067,0.6850418851683258,-0.27505740428508296,-2.0473496450083952,0
-1.0432508836839713,0.060321914532972226,-1.323271023105105,-1.3687758777129433,-1.239726454610049,0.11819092697261246,0
-0.6627859481913133,-0.9049146520560105,1.455060582481769,-1.1417742675264744,-2.3825167472723843,-2.4996767415340555,0
0.8395387388732022,0.37348118773216055,-0.7087850802465393,1.5470227622457084,-0.983706038828383,0.6926685826824617,0
-2.276159712788785,-1.1859110092328462,0.34489700824991926,-0.165402116398375,1.3417801875205098,-0.5149125653398656,0
1.025311227998256,0.7018492854920929,-0.06195274609809678,0.2986110874813005,-1.9093587159738759,-0.4983948147306593,0
-0.1844372744794739,0.25386120901458487,1.5689344956774955,-1.3820790819563342,-1.437258701123776,-0.45873797568806973,0
-1.5993377817504353,-0.16850663093486837,0.1994879422774132,-0.19535283779145718,-0.043494972125918685,-2.622458095635597,0
1.027604152479923,-0.2637453878486052,1.0026509129878278,2.2963848173666817,-0.49425991586083373,-1.235922294720801,0
0.7113741212101381,1.0871951843953045,0.18183903720506076,0.4880842992058323,1.6976193365494248,-4.077018430452339,0
-0.5201531708356326,-1.0369510059749418,-0.04820608148706246,-1.4427418143399313,-0.6770013832614142,1.0142112242279362,0
0.7557544217054875,1.905941348457565,-0.46316761307279136,1.1768002573796597,-1.2282537555255097,-0.8799971943840961,0
0.9226574091162432,-0.8366279292906311,1.5832255296925064,-1.7759028225757651,-2.1223583747679764,-0.3425342245801878,0
0.45710499872310595,0.13727613567828928,1.1622007890407522,0.7169832866177568,-0.9902371236737116,-0.550757422898822,0
-1.7274986749984076,-0.6498214781408206,0.1339599071656446,-0.1406012196718951,-0.3852569151738886,-3.2592393488753175,0
1.5996420435091028,0.21345301927981047,0.8287094352199172,-0.5631143406896233,-0.8701603213966218,0.09472154837237601,0
-0.08598342276862703,0.4615124050158089,0.9034807085406811,-1.072052551466986,-0.030107520230705065,0.16832058691181073,0
0.043071384792830125,-0.7631488231437142,0.13575387991766508,-1.8973256073197304,-2.790474445015122,-0.35259433103688365,0
1.5938205095759626,0.06681488317740555,1.0769228252928504,-0.03672207281893636,-1.5080294727493864,1.4327694070202672,0
-1.4485044419288853,-0.8590879423640695,1.1953361180028157,-0.8572420621789033,-0.8202882627274095,-1.1137445471147915,0
0.6644290486280074,-0.1791497576634285,-1.2680142073833764,1.3061028618616521,-1.4765481764365989,-0.4612932243697627,0
0.9805794718556979,-0.3453931546700472,-0.2748987578856162,0.5104900844333768,0.7874796586221513,-3.382712458200713,0
